away_qb,away_rb,away_score,away_team,away_team_wins,description,down,gameDate,gameTime,home_qb,home_rb,home_score,home_team,home_team_wins,offenseTeam,quarter,seasonYear,stadium,to_go,week,yard_line
Ben Roethlisberger,DeAngelo Williams,0,Pittsburgh Steelers,0,"Stephen Gostkowski kicks off 65 yards, touchback",,"September 10th, 2015",15:00,Tom Brady,Dion Lewis,0,New England Patriots,1,Pittsburgh Steelers,1,2017,Gillette Stadium,,1,NWE 35
Ben Roethlisberger,DeAngelo Williams,0,Pittsburgh Steelers,0,DeAngelo Williams right tackle for 18 yards (tackle by Dont'a Hightower),1,"September 10th, 2015",15:00,Tom Brady,Dion Lewis,0,New England Patriots,1,Pittsburgh Steelers,1,2017,Gillette Stadium,10,1,PIT 20
Ben Roethlisberger,DeAngelo Williams,0,Pittsburgh Steelers,0,Ben Roethlisberger pass complete short right to Antonio Brown for 9 yards (tackle by Dont'a Hightower),1,"September 10th, 2015",14:21,Tom Brady,Dion Lewis,0,New England Patriots,1,Pittsburgh Steelers,1,2017,Gillette Stadium,10,1,PIT 38
Ben Roethlisberger,DeAngelo Williams,0,Pittsburgh Steelers,0,DeAngelo Williams right guard for 4 yards (tackle by Jamie Collins and Malcom Brown),2,"September 10th, 2015",14:04,Tom Brady,Dion Lewis,0,New England Patriots,1,Pittsburgh Steelers,1,2017,Gillette Stadium,1,1,PIT 47
Ben Roethlisberger,DeAngelo Williams,0,Pittsburgh Steelers,0,Ben Roethlisberger pass complete short right to Heath Miller for 14 yards (tackle by Jerod Mayo),1,"September 10th, 2015",13:26,Tom Brady,Dion Lewis,0,New England Patriots,1,Pittsburgh Steelers,1,2017,Gillette Stadium,10,1,NWE 49
Ben Roethlisberger,DeAngelo Williams,0,Pittsburgh Steelers,0,DeAngelo Williams right guard for 11 yards (tackle by Jamie Collins),1,"September 10th, 2015",12:42,Tom Brady,Dion Lewis,0,New England Patriots,1,Pittsburgh Steelers,1,2017,Gillette Stadium,10,1,NWE 35
Ben Roethlisberger,DeAngelo Williams,0,Pittsburgh Steelers,0,Antonio Brown sacked by Malcom Brown for -8 yards,1,"September 10th, 2015",12:05,Tom Brady,Dion Lewis,0,New England Patriots,1,Pittsburgh Steelers,1,2017,Gillette Stadium,10,1,NWE 24
Ben Roethlisberger,DeAngelo Williams,0,Pittsburgh Steelers,0,"DeAngelo Williams right end for 4 yards (tackle by Dont'a Hightower). Penalty on Marcus Gilbert: Offensive Holding, 10 yards (no play)",2,"September 10th, 2015",11:20,Tom Brady,Dion Lewis,0,New England Patriots,1,Pittsburgh Steelers,1,2017,Gillette Stadium,18,1,NWE 32
Ben Roethlisberger,DeAngelo Williams,0,Pittsburgh Steelers,0,Will Johnson right guard for 6 yards (tackle by Rob Ninkovich),2,"September 10th, 2015",10:53,Tom Brady,Dion Lewis,0,New England Patriots,1,Pittsburgh Steelers,1,2017,Gillette Stadium,28,1,NWE 42
Ben Roethlisberger,DeAngelo Williams,0,Pittsburgh Steelers,0,Ben Roethlisberger pass complete short right to Heath Miller for 10 yards (tackle by Patrick Chung and Malcolm Butler),3,"September 10th, 2015",10:28,Tom Brady,Dion Lewis,0,New England Patriots,1,Pittsburgh Steelers,1,2017,Gillette Stadium,22,1,NWE 36
Ben Roethlisberger,DeAngelo Williams,0,Pittsburgh Steelers,0,Josh Scobee 44 yard field goal no good,4,"September 10th, 2015",9:44,Tom Brady,Dion Lewis,0,New England Patriots,1,Pittsburgh Steelers,1,2017,Gillette Stadium,12,1,NWE 26
Ben Roethlisberger,DeAngelo Williams,0,Pittsburgh Steelers,0,"Tom Brady pass complete short left to Julian Edelman for 13 yards (tackle by William Gay). Penalty on Nate Solder: Unnecessary Roughness, 15 yards",1,"September 10th, 2015",9:40,Tom Brady,Dion Lewis,0,New England Patriots,1,New England Patriots,1,2017,Gillette Stadium,10,1,NWE 34
Ben Roethlisberger,DeAngelo Williams,0,Pittsburgh Steelers,0,Tom Brady pass complete short left to Dion Lewis for 12 yards (tackle by James Harrison),1,"September 10th, 2015",9:14,Tom Brady,Dion Lewis,0,New England Patriots,1,New England Patriots,1,2017,Gillette Stadium,10,1,NWE 32
Ben Roethlisberger,DeAngelo Williams,0,Pittsburgh Steelers,0,Tom Brady pass complete short left to Dion Lewis for 13 yards,1,"September 10th, 2015",9:00,Tom Brady,Dion Lewis,0,New England Patriots,1,New England Patriots,1,2017,Gillette Stadium,10,1,NWE 44
Ben Roethlisberger,DeAngelo Williams,0,Pittsburgh Steelers,0,Tom Brady pass incomplete short right intended for Rob Gronkowski,1,"September 10th, 2015",8:31,Tom Brady,Dion Lewis,0,New England Patriots,1,New England Patriots,1,2017,Gillette Stadium,10,1,PIT 43
Ben Roethlisberger,DeAngelo Williams,0,Pittsburgh Steelers,0,Tom Brady pass incomplete deep right intended for Danny Amendola,2,"September 10th, 2015",8:27,Tom Brady,Dion Lewis,0,New England Patriots,1,New England Patriots,1,2017,Gillette Stadium,10,1,PIT 43
Ben Roethlisberger,DeAngelo Williams,0,Pittsburgh Steelers,0,Tom Brady sacked by Bud Dupree for 0 yards,3,"September 10th, 2015",8:22,Tom Brady,Dion Lewis,0,New England Patriots,1,New England Patriots,1,2017,Gillette Stadium,10,1,PIT 43
Ben Roethlisberger,DeAngelo Williams,0,Pittsburgh Steelers,0,"Ryan Allen punts 36 yards, fair catch by Antonio Brown",4,"September 10th, 2015",7:48,Tom Brady,Dion Lewis,0,New England Patriots,1,New England Patriots,1,2017,Gillette Stadium,10,1,PIT 43
Ben Roethlisberger,DeAngelo Williams,0,Pittsburgh Steelers,0,DeAngelo Williams left guard for 6 yards (tackle by Alan Branch and Geneo Grissom),1,"September 10th, 2015",7:41,Tom Brady,Dion Lewis,0,New England Patriots,1,Pittsburgh Steelers,1,2017,Gillette Stadium,10,1,PIT 7
Ben Roethlisberger,DeAngelo Williams,0,Pittsburgh Steelers,0,DeAngelo Williams left tackle for -1 yards (tackle by Chandler Jones),2,"September 10th, 2015",7:07,Tom Brady,Dion Lewis,0,New England Patriots,1,Pittsburgh Steelers,1,2017,Gillette Stadium,4,1,PIT 13
Ben Roethlisberger,DeAngelo Williams,0,Pittsburgh Steelers,0,Ben Roethlisberger pass complete short left to Antonio Brown for 10 yards (tackle by Devin McCourty),3,"September 10th, 2015",6:26,Tom Brady,Dion Lewis,0,New England Patriots,1,Pittsburgh Steelers,1,2017,Gillette Stadium,5,1,PIT 12
Ben Roethlisberger,DeAngelo Williams,0,Pittsburgh Steelers,0,"DeAngelo Williams right guard for 4 yards (tackle by Rob Ninkovich). Penalty on Kelvin Beachum: Illegal Formation, 5 yards (no play)",1,"September 10th, 2015",5:54,Tom Brady,Dion Lewis,0,New England Patriots,1,Pittsburgh Steelers,1,2017,Gillette Stadium,10,1,PIT 22
Ben Roethlisberger,DeAngelo Williams,0,Pittsburgh Steelers,0,Ben Roethlisberger pass complete short right to Antonio Brown for 3 yards (tackle by Jamie Collins),1,"September 10th, 2015",5:29,Tom Brady,Dion Lewis,0,New England Patriots,1,Pittsburgh Steelers,1,2017,Gillette Stadium,15,1,PIT 17
Ben Roethlisberger,DeAngelo Williams,0,Pittsburgh Steelers,0,Ben Roethlisberger sacked by Dont'a Hightower for -6 yards,2,"September 10th, 2015",4:48,Tom Brady,Dion Lewis,0,New England Patriots,1,Pittsburgh Steelers,1,2017,Gillette Stadium,12,1,PIT 20
Ben Roethlisberger,DeAngelo Williams,0,Pittsburgh Steelers,0,Ben Roethlisberger pass complete deep left to Heath Miller for 17 yards (tackle by Devin McCourty and Tarell Brown),3,"September 10th, 2015",4:03,Tom Brady,Dion Lewis,0,New England Patriots,1,Pittsburgh Steelers,1,2017,Gillette Stadium,18,1,PIT 14
Ben Roethlisberger,DeAngelo Williams,0,Pittsburgh Steelers,0,"Jordan Berry punts 50 yards, returned by Danny Amendola for 15 yards (tackle by Vince Williams). Penalty on Matt Slater: Illegal Block Above the Waist, 10 yards",4,"September 10th, 2015",3:25,Tom Brady,Dion Lewis,0,New England Patriots,1,Pittsburgh Steelers,1,2017,Gillette Stadium,1,1,PIT 31
Ben Roethlisberger,DeAngelo Williams,0,Pittsburgh Steelers,0,Dion Lewis left tackle for 8 yards (tackle by Will Allen),1,"September 10th, 2015",3:14,Tom Brady,Dion Lewis,0,New England Patriots,1,New England Patriots,1,2017,Gillette Stadium,10,1,NWE 10
Ben Roethlisberger,DeAngelo Williams,0,Pittsburgh Steelers,0,Dion Lewis middle for 1 yard (tackle by Michael Mitchell),2,"September 10th, 2015",2:40,Tom Brady,Dion Lewis,0,New England Patriots,1,New England Patriots,1,2017,Gillette Stadium,2,1,NWE 18
Ben Roethlisberger,DeAngelo Williams,0,Pittsburgh Steelers,0,Tom Brady middle for 1 yard (tackle by Lawrence Timmons and Steve McLendon),3,"September 10th, 2015",2:05,Tom Brady,Dion Lewis,0,New England Patriots,1,New England Patriots,1,2017,Gillette Stadium,1,1,NWE 19
Ben Roethlisberger,DeAngelo Williams,0,Pittsburgh Steelers,0,"Dion Lewis left end for 5 yards (tackle by Lawrence Timmons). Penalty on Nate Solder: Offensive Holding, 10 yards (no play)",1,"September 10th, 2015",1:14,Tom Brady,Dion Lewis,0,New England Patriots,1,New England Patriots,1,2017,Gillette Stadium,10,1,NWE 20
Ben Roethlisberger,DeAngelo Williams,0,Pittsburgh Steelers,0,Tom Brady pass complete short left to Aaron Dobson for 9 yards (tackle by William Gay),1,"September 10th, 2015",0:45,Tom Brady,Dion Lewis,0,New England Patriots,1,New England Patriots,1,2017,Gillette Stadium,20,1,NWE 10
Ben Roethlisberger,DeAngelo Williams,0,Pittsburgh Steelers,0,Tom Brady pass complete short left to Julian Edelman for 9 yards (tackle by Cortez Allen),2,"September 10th, 2015",0:12,Tom Brady,Dion Lewis,0,New England Patriots,1,New England Patriots,1,2017,Gillette Stadium,11,1,NWE 19
Ben Roethlisberger,DeAngelo Williams,0,Pittsburgh Steelers,0,Julian Edelman right end for 9 yards (tackle by Shamarko Thomas and James Harrison),3,"September 10th, 2015",15:00,Tom Brady,Dion Lewis,0,New England Patriots,1,New England Patriots,2,2017,Gillette Stadium,2,1,NWE 28
Ben Roethlisberger,DeAngelo Williams,0,Pittsburgh Steelers,0,Brandon Bolden left end for -3 yards (tackle by Ryan Shazier),1,"September 10th, 2015",14:30,Tom Brady,Dion Lewis,0,New England Patriots,1,New England Patriots,2,2017,Gillette Stadium,10,1,NWE 37
Ben Roethlisberger,DeAngelo Williams,0,Pittsburgh Steelers,0,Tom Brady pass complete short left to Dion Lewis for 7 yards (tackle by Cortez Allen and Stephon Tuitt),2,"September 10th, 2015",13:55,Tom Brady,Dion Lewis,0,New England Patriots,1,New England Patriots,2,2017,Gillette Stadium,13,1,NWE 34
Ben Roethlisberger,DeAngelo Williams,0,Pittsburgh Steelers,0,Tom Brady pass complete short middle to Julian Edelman for 8 yards (tackle by Antwon Blake),3,"September 10th, 2015",13:21,Tom Brady,Dion Lewis,0,New England Patriots,1,New England Patriots,2,2017,Gillette Stadium,6,1,NWE 41
Ben Roethlisberger,DeAngelo Williams,0,Pittsburgh Steelers,0,Dion Lewis right tackle for 3 yards (tackle by Antwon Blake and Ryan Shazier),1,"September 10th, 2015",12:44,Tom Brady,Dion Lewis,0,New England Patriots,1,New England Patriots,2,2017,Gillette Stadium,10,1,NWE 49
Ben Roethlisberger,DeAngelo Williams,0,Pittsburgh Steelers,0,Tom Brady pass complete short right to Julian Edelman for 13 yards (tackle by Will Allen),2,"September 10th, 2015",12:13,Tom Brady,Dion Lewis,0,New England Patriots,1,New England Patriots,2,2017,Gillette Stadium,7,1,PIT 48
Ben Roethlisberger,DeAngelo Williams,0,Pittsburgh Steelers,0,Tom Brady pass complete deep right to Rob Gronkowski for 19 yards (tackle by Robert Golden),1,"September 10th, 2015",11:40,Tom Brady,Dion Lewis,0,New England Patriots,1,New England Patriots,2,2017,Gillette Stadium,10,1,PIT 35
Ben Roethlisberger,DeAngelo Williams,0,Pittsburgh Steelers,0,"Tom Brady pass complete short right to Rob Gronkowski for 16 yards, touchdown",1,"September 10th, 2015",11:16,Tom Brady,Dion Lewis,6,New England Patriots,1,New England Patriots,2,2017,Gillette Stadium,10,1,PIT 16
Ben Roethlisberger,DeAngelo Williams,0,Pittsburgh Steelers,0,Stephen Gostkowski kicks extra point good,,"September 10th, 2015",11:16,Tom Brady,Dion Lewis,7,New England Patriots,1,New England Patriots,2,2017,Gillette Stadium,,1,PIT 16
Ben Roethlisberger,DeAngelo Williams,0,Pittsburgh Steelers,0,"Stephen Gostkowski kicks off 65 yards, touchback",,"September 10th, 2015",11:16,Tom Brady,Dion Lewis,7,New England Patriots,1,New England Patriots,2,2017,Gillette Stadium,,1,NWE 35
Ben Roethlisberger,DeAngelo Williams,0,Pittsburgh Steelers,0,DeAngelo Williams middle for 2 yards (tackle by Sealver Siliga),1,"September 10th, 2015",11:11,Tom Brady,Dion Lewis,7,New England Patriots,1,Pittsburgh Steelers,2,2017,Gillette Stadium,10,1,PIT 20
Ben Roethlisberger,DeAngelo Williams,0,Pittsburgh Steelers,0,Ben Roethlisberger pass incomplete short left intended for Heath Miller,2,"September 10th, 2015",10:33,Tom Brady,Dion Lewis,7,New England Patriots,1,Pittsburgh Steelers,2,2017,Gillette Stadium,8,1,PIT 22
Ben Roethlisberger,DeAngelo Williams,0,Pittsburgh Steelers,0,Ben Roethlisberger pass complete deep left to Darrius Heyward-Bey for 43 yards (tackle by Bradley Fletcher),3,"September 10th, 2015",10:27,Tom Brady,Dion Lewis,7,New England Patriots,1,Pittsburgh Steelers,2,2017,Gillette Stadium,8,1,PIT 22
Ben Roethlisberger,DeAngelo Williams,0,Pittsburgh Steelers,0,DeAngelo Williams right end for 6 yards (tackle by Dont'a Hightower),1,"September 10th, 2015",10:02,Tom Brady,Dion Lewis,7,New England Patriots,1,Pittsburgh Steelers,2,2017,Gillette Stadium,10,1,NWE 35
Ben Roethlisberger,DeAngelo Williams,0,Pittsburgh Steelers,0,DeAngelo Williams right tackle for 1 yard (tackle by Jabaal Sheard),2,"September 10th, 2015",9:30,Tom Brady,Dion Lewis,7,New England Patriots,1,Pittsburgh Steelers,2,2017,Gillette Stadium,4,1,NWE 29
Ben Roethlisberger,DeAngelo Williams,0,Pittsburgh Steelers,0,Ben Roethlisberger pass incomplete deep right intended for Antonio Brown,3,"September 10th, 2015",8:46,Tom Brady,Dion Lewis,7,New England Patriots,1,Pittsburgh Steelers,2,2017,Gillette Stadium,3,1,NWE 28
Ben Roethlisberger,DeAngelo Williams,0,Pittsburgh Steelers,0,Josh Scobee 46 yard field goal no good,4,"September 10th, 2015",8:43,Tom Brady,Dion Lewis,7,New England Patriots,1,Pittsburgh Steelers,2,2017,Gillette Stadium,3,1,NWE 28
Ben Roethlisberger,DeAngelo Williams,0,Pittsburgh Steelers,0,Tom Brady pass complete short middle to Julian Edelman for 14 yards (tackle by Cortez Allen),1,"September 10th, 2015",8:38,Tom Brady,Dion Lewis,7,New England Patriots,1,New England Patriots,2,2017,Gillette Stadium,10,1,NWE 36
Ben Roethlisberger,DeAngelo Williams,0,Pittsburgh Steelers,0,Dion Lewis middle for no gain (tackle by Jacoby Jones and Cameron Heyward),1,"September 10th, 2015",8:06,Tom Brady,Dion Lewis,7,New England Patriots,1,New England Patriots,2,2017,Gillette Stadium,10,1,PIT 50
Ben Roethlisberger,DeAngelo Williams,0,Pittsburgh Steelers,0,Tom Brady pass complete deep left to Danny Amendola for 18 yards,2,"September 10th, 2015",7:27,Tom Brady,Dion Lewis,7,New England Patriots,1,New England Patriots,2,2017,Gillette Stadium,10,1,PIT 50
Ben Roethlisberger,DeAngelo Williams,0,Pittsburgh Steelers,0,Tom Brady pass complete short middle to Brandon Bolden for 12 yards (tackle by Michael Mitchell and Cameron Heyward),1,"September 10th, 2015",6:58,Tom Brady,Dion Lewis,7,New England Patriots,1,New England Patriots,2,2017,Gillette Stadium,10,1,PIT 32
Ben Roethlisberger,DeAngelo Williams,0,Pittsburgh Steelers,0,Dion Lewis left guard for 8 yards (tackle by Cameron Heyward and Cortez Allen),1,"September 10th, 2015",6:22,Tom Brady,Dion Lewis,7,New England Patriots,1,New England Patriots,2,2017,Gillette Stadium,10,1,PIT 20
Ben Roethlisberger,DeAngelo Williams,0,Pittsburgh Steelers,0,Dion Lewis middle for 1 yard (tackle by Cortez Allen and James Harrison),2,"September 10th, 2015",6:00,Tom Brady,Dion Lewis,7,New England Patriots,1,New England Patriots,2,2017,Gillette Stadium,2,1,PIT 12
Ben Roethlisberger,DeAngelo Williams,0,Pittsburgh Steelers,0,Tom Brady middle for 2 yards (tackle by James Harrison),3,"September 10th, 2015",5:19,Tom Brady,Dion Lewis,7,New England Patriots,1,New England Patriots,2,2017,Gillette Stadium,1,1,PIT 11
Ben Roethlisberger,DeAngelo Williams,0,Pittsburgh Steelers,0,Tom Brady pass complete short left to Julian Edelman for 3 yards (tackle by William Gay),1,"September 10th, 2015",4:46,Tom Brady,Dion Lewis,7,New England Patriots,1,New England Patriots,2,2017,Gillette Stadium,9,1,PIT 9
Ben Roethlisberger,DeAngelo Williams,0,Pittsburgh Steelers,0,"Tom Brady pass complete short middle to Rob Gronkowski for 6 yards, touchdown",2,"September 10th, 2015",4:06,Tom Brady,Dion Lewis,13,New England Patriots,1,New England Patriots,2,2017,Gillette Stadium,6,1,PIT 6
Ben Roethlisberger,DeAngelo Williams,0,Pittsburgh Steelers,0,Stephen Gostkowski kicks extra point good,,"September 10th, 2015",4:06,Tom Brady,Dion Lewis,14,New England Patriots,1,New England Patriots,2,2017,Gillette Stadium,,1,PIT 6
Ben Roethlisberger,DeAngelo Williams,0,Pittsburgh Steelers,0,"Stephen Gostkowski kicks off 70 yards, returned by Dri Archer for 22 yards (tackle by Nate Ebner)",,"September 10th, 2015",4:06,Tom Brady,Dion Lewis,14,New England Patriots,1,New England Patriots,2,2017,Gillette Stadium,,1,NWE 35
Ben Roethlisberger,DeAngelo Williams,0,Pittsburgh Steelers,0,Ben Roethlisberger pass complete short right to Antonio Brown for 5 yards (tackle by Malcolm Butler and Tarell Brown),1,"September 10th, 2015",3:57,Tom Brady,Dion Lewis,14,New England Patriots,1,New England Patriots,2,2017,Gillette Stadium,10,1,PIT 17
Ben Roethlisberger,DeAngelo Williams,0,Pittsburgh Steelers,0,"DeAngelo Williams for 9 yards. Penalty on Cody Wallace: Offensive Holding, 10 yards (no play)",2,"September 10th, 2015",3:20,Tom Brady,Dion Lewis,14,New England Patriots,1,New England Patriots,2,2017,Gillette Stadium,5,1,PIT 22
Ben Roethlisberger,DeAngelo Williams,0,Pittsburgh Steelers,0,Ben Roethlisberger pass complete short left to Heath Miller for 9 yards (tackle by Duron Harmon),2,"September 10th, 2015",2:51,Tom Brady,Dion Lewis,14,New England Patriots,1,New England Patriots,2,2017,Gillette Stadium,15,1,PIT 12
Ben Roethlisberger,DeAngelo Williams,0,Pittsburgh Steelers,0,Ben Roethlisberger pass complete deep right to Antonio Brown for 37 yards (tackle by Devin McCourty),3,"September 10th, 2015",2:13,Tom Brady,Dion Lewis,14,New England Patriots,1,New England Patriots,2,2017,Gillette Stadium,6,1,PIT 21
Ben Roethlisberger,DeAngelo Williams,0,Pittsburgh Steelers,0,DeAngelo Williams left guard for 2 yards (tackle by Dont'a Hightower and Bradley Fletcher),1,"September 10th, 2015",2:00,Tom Brady,Dion Lewis,14,New England Patriots,1,New England Patriots,2,2017,Gillette Stadium,10,1,NWE 42
Ben Roethlisberger,DeAngelo Williams,0,Pittsburgh Steelers,0,Ben Roethlisberger pass complete short left to DeAngelo Williams for 5 yards (tackle by Dont'a Hightower),2,"September 10th, 2015",1:29,Tom Brady,Dion Lewis,14,New England Patriots,1,New England Patriots,2,2017,Gillette Stadium,8,1,NWE 40
Ben Roethlisberger,DeAngelo Williams,0,Pittsburgh Steelers,0,Ben Roethlisberger pass incomplete deep right intended for Markus Wheaton,3,"September 10th, 2015",0:53,Tom Brady,Dion Lewis,14,New England Patriots,1,New England Patriots,2,2017,Gillette Stadium,3,1,NWE 35
Ben Roethlisberger,DeAngelo Williams,0,Pittsburgh Steelers,0,Timeout #1 by New England Patriots,3,"September 10th, 2015",0:48,Tom Brady,Dion Lewis,14,New England Patriots,1,New England Patriots,2,2017,Gillette Stadium,3,1,NWE 35
Ben Roethlisberger,DeAngelo Williams,0,Pittsburgh Steelers,0,Ben Roethlisberger pass complete short middle to Darrius Heyward-Bey for 4 yards (tackle by Bradley Fletcher and Jamie Collins),4,"September 10th, 2015",0:48,Tom Brady,Dion Lewis,14,New England Patriots,1,New England Patriots,2,2017,Gillette Stadium,3,1,NWE 35
Ben Roethlisberger,DeAngelo Williams,0,Pittsburgh Steelers,0,Timeout #1 by Pittsburgh Steelers,4,"September 10th, 2015",0:43,Tom Brady,Dion Lewis,14,New England Patriots,1,New England Patriots,2,2017,Gillette Stadium,3,1,NWE 35
Ben Roethlisberger,DeAngelo Williams,0,Pittsburgh Steelers,0,DeAngelo Williams left end for 5 yards (tackle by Bradley Fletcher),1,"September 10th, 2015",0:43,Tom Brady,Dion Lewis,14,New England Patriots,1,New England Patriots,2,2017,Gillette Stadium,10,1,NWE 31
Ben Roethlisberger,DeAngelo Williams,0,Pittsburgh Steelers,0,Ben Roethlisberger pass incomplete deep left intended for Darrius Heyward-Bey,2,"September 10th, 2015",0:19,Tom Brady,Dion Lewis,14,New England Patriots,1,New England Patriots,2,2017,Gillette Stadium,5,1,NWE 26
Ben Roethlisberger,DeAngelo Williams,0,Pittsburgh Steelers,0,Timeout #2 by Pittsburgh Steelers,2,"September 10th, 2015",0:13,Tom Brady,Dion Lewis,14,New England Patriots,1,New England Patriots,2,2017,Gillette Stadium,5,1,NWE 26
Ben Roethlisberger,DeAngelo Williams,0,Pittsburgh Steelers,0,Timeout #2 by New England Patriots,2,"September 10th, 2015",0:13,Tom Brady,Dion Lewis,14,New England Patriots,1,New England Patriots,2,2017,Gillette Stadium,5,1,NWE 26
Ben Roethlisberger,DeAngelo Williams,0,Pittsburgh Steelers,0,Ben Roethlisberger pass incomplete short middle intended for Darrius Heyward-Bey,3,"September 10th, 2015",0:13,Tom Brady,Dion Lewis,14,New England Patriots,1,New England Patriots,2,2017,Gillette Stadium,5,1,NWE 26
Ben Roethlisberger,DeAngelo Williams,3,Pittsburgh Steelers,0,Josh Scobee 44 yard field goal good,4,"September 10th, 2015",0:07,Tom Brady,Dion Lewis,14,New England Patriots,1,New England Patriots,2,2017,Gillette Stadium,5,1,NWE 26
Ben Roethlisberger,DeAngelo Williams,3,Pittsburgh Steelers,0,"Josh Scobee kicks off 65 yards, touchback",,"September 10th, 2015",0:07,Tom Brady,Dion Lewis,14,New England Patriots,1,New England Patriots,2,2017,Gillette Stadium,,1,PIT 35
Ben Roethlisberger,DeAngelo Williams,3,Pittsburgh Steelers,0,Tom Brady kneels for -2 yards,1,"September 10th, 2015",0:03,Tom Brady,Dion Lewis,14,New England Patriots,1,New England Patriots,2,2017,Gillette Stadium,10,1,NWE 20
Ben Roethlisberger,DeAngelo Williams,3,Pittsburgh Steelers,0,"Josh Scobee kicks off 65 yards, touchback",,"September 10th, 2015",15:00,Tom Brady,Dion Lewis,14,New England Patriots,1,New England Patriots,3,2017,Gillette Stadium,,1,PIT 35
Ben Roethlisberger,DeAngelo Williams,3,Pittsburgh Steelers,0,Tom Brady pass complete short right to Julian Edelman for 10 yards (tackle by Ryan Shazier),1,"September 10th, 2015",15:00,Tom Brady,Dion Lewis,14,New England Patriots,1,New England Patriots,3,2017,Gillette Stadium,10,1,NWE 20
Ben Roethlisberger,DeAngelo Williams,3,Pittsburgh Steelers,0,Dion Lewis middle for 4 yards (tackle by Ryan Shazier and Robert Golden),1,"September 10th, 2015",14:30,Tom Brady,Dion Lewis,14,New England Patriots,1,New England Patriots,3,2017,Gillette Stadium,10,1,NWE 30
Ben Roethlisberger,DeAngelo Williams,3,Pittsburgh Steelers,0,Brandon Bolden right end for 1 yard (tackle by Ryan Shazier),2,"September 10th, 2015",14:06,Tom Brady,Dion Lewis,14,New England Patriots,1,New England Patriots,3,2017,Gillette Stadium,6,1,NWE 34
Ben Roethlisberger,DeAngelo Williams,3,Pittsburgh Steelers,0,Tom Brady pass complete short right to Julian Edelman for 10 yards (tackle by Michael Mitchell),3,"September 10th, 2015",13:29,Tom Brady,Dion Lewis,14,New England Patriots,1,New England Patriots,3,2017,Gillette Stadium,5,1,NWE 35
Ben Roethlisberger,DeAngelo Williams,3,Pittsburgh Steelers,0,Dion Lewis left guard for 11 yards (tackle by Will Allen),1,"September 10th, 2015",12:55,Tom Brady,Dion Lewis,14,New England Patriots,1,New England Patriots,3,2017,Gillette Stadium,10,1,NWE 45
Ben Roethlisberger,DeAngelo Williams,3,Pittsburgh Steelers,0,Dion Lewis right tackle for 9 yards (tackle by Bud Dupree),1,"September 10th, 2015",12:18,Tom Brady,Dion Lewis,14,New England Patriots,1,New England Patriots,3,2017,Gillette Stadium,10,1,PIT 44
Ben Roethlisberger,DeAngelo Williams,3,Pittsburgh Steelers,0,Tom Brady pass complete short left to Danny Amendola for 6 yards (tackle by Will Allen),2,"September 10th, 2015",11:57,Tom Brady,Dion Lewis,14,New England Patriots,1,New England Patriots,3,2017,Gillette Stadium,1,1,PIT 35
Ben Roethlisberger,DeAngelo Williams,3,Pittsburgh Steelers,0,"Tom Brady pass incomplete deep left intended for Julian Edelman. Penalty on Cortez Allen: Defensive Pass Interference, 28 yards (no play)",1,"September 10th, 2015",11:22,Tom Brady,Dion Lewis,14,New England Patriots,1,New England Patriots,3,2017,Gillette Stadium,10,1,PIT 29
Ben Roethlisberger,DeAngelo Williams,3,Pittsburgh Steelers,0,Brandon Bolden right guard for no gain (tackle by Ryan Shazier),1,"September 10th, 2015",11:17,Tom Brady,Dion Lewis,14,New England Patriots,1,New England Patriots,3,2017,Gillette Stadium,1,1,PIT 1
Ben Roethlisberger,DeAngelo Williams,3,Pittsburgh Steelers,0,"Tom Brady pass complete short left to Scott Chandler for 1 yard, touchdown",2,"September 10th, 2015",10:43,Tom Brady,Dion Lewis,20,New England Patriots,1,New England Patriots,3,2017,Gillette Stadium,1,1,PIT 1
Ben Roethlisberger,DeAngelo Williams,3,Pittsburgh Steelers,0,Stephen Gostkowski kicks extra point good,,"September 10th, 2015",10:43,Tom Brady,Dion Lewis,21,New England Patriots,1,New England Patriots,3,2017,Gillette Stadium,,1,PIT 1
Ben Roethlisberger,DeAngelo Williams,3,Pittsburgh Steelers,0,"Stephen Gostkowski kicks off 65 yards, touchback",,"September 10th, 2015",10:43,Tom Brady,Dion Lewis,21,New England Patriots,1,New England Patriots,3,2017,Gillette Stadium,,1,NWE 35
Ben Roethlisberger,DeAngelo Williams,3,Pittsburgh Steelers,0,DeAngelo Williams middle for 28 yards (tackle by Malcolm Butler),1,"September 10th, 2015",10:37,Tom Brady,Dion Lewis,21,New England Patriots,1,Pittsburgh Steelers,3,2017,Gillette Stadium,10,1,PIT 20
Ben Roethlisberger,DeAngelo Williams,3,Pittsburgh Steelers,0,Ben Roethlisberger pass complete deep left to Antonio Brown for 33 yards (tackle by Duron Harmon),1,"September 10th, 2015",9:58,Tom Brady,Dion Lewis,21,New England Patriots,1,Pittsburgh Steelers,3,2017,Gillette Stadium,10,1,PIT 48
Ben Roethlisberger,DeAngelo Williams,3,Pittsburgh Steelers,0,DeAngelo Williams right guard for 7 yards (tackle by Alan Branch),1,"September 10th, 2015",9:14,Tom Brady,Dion Lewis,21,New England Patriots,1,Pittsburgh Steelers,3,2017,Gillette Stadium,10,1,NWE 19
Ben Roethlisberger,DeAngelo Williams,3,Pittsburgh Steelers,0,DeAngelo Williams left guard for 10 yards (tackle by Devin McCourty),2,"September 10th, 2015",8:36,Tom Brady,Dion Lewis,21,New England Patriots,1,Pittsburgh Steelers,3,2017,Gillette Stadium,3,1,NWE 12
Ben Roethlisberger,DeAngelo Williams,3,Pittsburgh Steelers,0,DeAngelo Williams left guard for 1 yard (tackle by Duron Harmon and Patrick Chung),1,"September 10th, 2015",7:58,Tom Brady,Dion Lewis,21,New England Patriots,1,Pittsburgh Steelers,3,2017,Gillette Stadium,2,1,NWE 2
Ben Roethlisberger,DeAngelo Williams,3,Pittsburgh Steelers,0,Timeout #1 by New England Patriots,1,"September 10th, 2015",7:16,Tom Brady,Dion Lewis,21,New England Patriots,1,Pittsburgh Steelers,3,2017,Gillette Stadium,2,1,NWE 2
Ben Roethlisberger,DeAngelo Williams,3,Pittsburgh Steelers,0,Will Johnson left guard for no gain (tackle by Sealver Siliga and Rob Ninkovich),2,"September 10th, 2015",7:16,Tom Brady,Dion Lewis,21,New England Patriots,1,Pittsburgh Steelers,3,2017,Gillette Stadium,1,1,NWE 1
Ben Roethlisberger,DeAngelo Williams,9,Pittsburgh Steelers,0,"Will Johnson left guard for 1 yard, touchdown",3,"September 10th, 2015",6:48,Tom Brady,Dion Lewis,21,New England Patriots,1,Pittsburgh Steelers,3,2017,Gillette Stadium,1,1,NWE 1
Ben Roethlisberger,DeAngelo Williams,11,Pittsburgh Steelers,0,"Two Point Attempt: Ben Roethlisberger pass complete to Markus Wheaton, conversion succeeds",,"September 10th, 2015",6:48,Tom Brady,Dion Lewis,21,New England Patriots,1,Pittsburgh Steelers,3,2017,Gillette Stadium,,1,NWE 1
Ben Roethlisberger,DeAngelo Williams,11,Pittsburgh Steelers,0,"Josh Scobee kicks off 65 yards, touchback",,"September 10th, 2015",6:48,Tom Brady,Dion Lewis,21,New England Patriots,1,Pittsburgh Steelers,3,2017,Gillette Stadium,,1,PIT 35
Ben Roethlisberger,DeAngelo Williams,11,Pittsburgh Steelers,0,Dion Lewis right tackle for 13 yards (tackle by Cortez Allen),1,"September 10th, 2015",6:43,Tom Brady,Dion Lewis,21,New England Patriots,1,New England Patriots,3,2017,Gillette Stadium,10,1,NWE 20
Ben Roethlisberger,DeAngelo Williams,11,Pittsburgh Steelers,0,Tom Brady pass complete short left to Julian Edelman for -5 yards (tackle by William Gay),1,"September 10th, 2015",6:17,Tom Brady,Dion Lewis,21,New England Patriots,1,New England Patriots,3,2017,Gillette Stadium,10,1,NWE 33
Ben Roethlisberger,DeAngelo Williams,11,Pittsburgh Steelers,0,Tom Brady pass complete short middle to Julian Edelman for 12 yards (tackle by Lawrence Timmons),2,"September 10th, 2015",5:36,Tom Brady,Dion Lewis,21,New England Patriots,1,New England Patriots,3,2017,Gillette Stadium,15,1,NWE 28
Ben Roethlisberger,DeAngelo Williams,11,Pittsburgh Steelers,0,Tom Brady sacked by Will Allen for -7 yards,3,"September 10th, 2015",5:00,Tom Brady,Dion Lewis,21,New England Patriots,1,New England Patriots,3,2017,Gillette Stadium,3,1,NWE 40
Ben Roethlisberger,DeAngelo Williams,11,Pittsburgh Steelers,0,"Ryan Allen punts 43 yards, returned by Antonio Brown for 3 yards (tackle by Matt Slater)",4,"September 10th, 2015",4:27,Tom Brady,Dion Lewis,21,New England Patriots,1,New England Patriots,3,2017,Gillette Stadium,10,1,NWE 33
Ben Roethlisberger,DeAngelo Williams,11,Pittsburgh Steelers,0,DeAngelo Williams for 12 yards,1,"September 10th, 2015",4:15,Tom Brady,Dion Lewis,21,New England Patriots,1,Pittsburgh Steelers,3,2017,Gillette Stadium,10,1,PIT 27
Ben Roethlisberger,DeAngelo Williams,11,Pittsburgh Steelers,0,DeAngelo Williams left tackle for 5 yards (tackle by Dont'a Hightower and Malcolm Butler),1,"September 10th, 2015",3:43,Tom Brady,Dion Lewis,21,New England Patriots,1,Pittsburgh Steelers,3,2017,Gillette Stadium,10,1,PIT 39
Ben Roethlisberger,DeAngelo Williams,11,Pittsburgh Steelers,0,DeAngelo Williams right end for -1 yards (tackle by Tarell Brown),2,"September 10th, 2015",2:59,Tom Brady,Dion Lewis,21,New England Patriots,1,Pittsburgh Steelers,3,2017,Gillette Stadium,5,1,PIT 44
Ben Roethlisberger,DeAngelo Williams,11,Pittsburgh Steelers,0,Ben Roethlisberger pass complete short left to Antonio Brown for 12 yards (tackle by Jamie Collins),3,"September 10th, 2015",2:15,Tom Brady,Dion Lewis,21,New England Patriots,1,Pittsburgh Steelers,3,2017,Gillette Stadium,6,1,PIT 43
Ben Roethlisberger,DeAngelo Williams,11,Pittsburgh Steelers,0,Ben Roethlisberger pass complete deep right to Markus Wheaton for 26 yards,1,"September 10th, 2015",1:31,Tom Brady,Dion Lewis,21,New England Patriots,1,Pittsburgh Steelers,3,2017,Gillette Stadium,10,1,NWE 45
Ben Roethlisberger,DeAngelo Williams,11,Pittsburgh Steelers,0,DeAngelo Williams middle for 5 yards (tackle by Patrick Chung),1,"September 10th, 2015",1:14,Tom Brady,Dion Lewis,21,New England Patriots,1,Pittsburgh Steelers,3,2017,Gillette Stadium,10,1,NWE 19
Ben Roethlisberger,DeAngelo Williams,11,Pittsburgh Steelers,0,Ben Roethlisberger pass complete short right to Heath Miller for 6 yards (tackle by Patrick Chung),2,"September 10th, 2015",0:32,Tom Brady,Dion Lewis,21,New England Patriots,1,Pittsburgh Steelers,3,2017,Gillette Stadium,5,1,NWE 14
Ben Roethlisberger,DeAngelo Williams,11,Pittsburgh Steelers,0,DeAngelo Williams right guard for no gain (tackle by Rob Ninkovich),1,"September 10th, 2015",15:00,Tom Brady,Dion Lewis,21,New England Patriots,1,Pittsburgh Steelers,4,2017,Gillette Stadium,8,1,NWE 8
Ben Roethlisberger,DeAngelo Williams,11,Pittsburgh Steelers,0,Ben Roethlisberger pass complete short right to Heath Miller for 3 yards (tackle by Rob Ninkovich),2,"September 10th, 2015",14:19,Tom Brady,Dion Lewis,21,New England Patriots,1,Pittsburgh Steelers,4,2017,Gillette Stadium,8,1,NWE 8
Ben Roethlisberger,DeAngelo Williams,11,Pittsburgh Steelers,0,"Ben Roethlisberger pass incomplete short left intended for Heath Miller. Penalty on Patrick Chung: Defensive Pass Interference, 4 yards (no play)",3,"September 10th, 2015",13:36,Tom Brady,Dion Lewis,21,New England Patriots,1,Pittsburgh Steelers,4,2017,Gillette Stadium,5,1,NWE 5
Ben Roethlisberger,DeAngelo Williams,11,Pittsburgh Steelers,0,Ben Roethlisberger pass incomplete short middle intended for Heath Miller,1,"September 10th, 2015",13:30,Tom Brady,Dion Lewis,21,New England Patriots,1,Pittsburgh Steelers,4,2017,Gillette Stadium,1,1,NWE 1
Ben Roethlisberger,DeAngelo Williams,11,Pittsburgh Steelers,0,Will Johnson middle for no gain (tackle by Sealver Siliga and Jerod Mayo),2,"September 10th, 2015",13:25,Tom Brady,Dion Lewis,21,New England Patriots,1,Pittsburgh Steelers,4,2017,Gillette Stadium,1,1,NWE 1
Ben Roethlisberger,DeAngelo Williams,11,Pittsburgh Steelers,0,"Penalty on Kelvin Beachum: False Start, 4 yards (no play)",3,"September 10th, 2015",12:49,Tom Brady,Dion Lewis,21,New England Patriots,1,Pittsburgh Steelers,4,2017,Gillette Stadium,1,1,NWE 1
Ben Roethlisberger,DeAngelo Williams,11,Pittsburgh Steelers,0,DeAngelo Williams middle for -1 yards (tackle by Chandler Jones and Jabaal Sheard),3,"September 10th, 2015",12:22,Tom Brady,Dion Lewis,21,New England Patriots,1,Pittsburgh Steelers,4,2017,Gillette Stadium,5,1,NWE 5
Ben Roethlisberger,DeAngelo Williams,14,Pittsburgh Steelers,0,Josh Scobee 24 yard field goal good,4,"September 10th, 2015",11:42,Tom Brady,Dion Lewis,21,New England Patriots,1,Pittsburgh Steelers,4,2017,Gillette Stadium,6,1,NWE 6
Ben Roethlisberger,DeAngelo Williams,14,Pittsburgh Steelers,0,"Josh Scobee kicks off 52 yards, returned by Michael Williams for 8 yards (tackle by Roosevelt Nix)",,"September 10th, 2015",11:42,Tom Brady,Dion Lewis,21,New England Patriots,1,Pittsburgh Steelers,4,2017,Gillette Stadium,,1,PIT 35
Ben Roethlisberger,DeAngelo Williams,14,Pittsburgh Steelers,0,Tom Brady pass complete deep right to Rob Gronkowski for 52 yards (tackle by Antwon Blake),1,"September 10th, 2015",11:34,Tom Brady,Dion Lewis,21,New England Patriots,1,Pittsburgh Steelers,4,2017,Gillette Stadium,10,1,NWE 21
Ben Roethlisberger,DeAngelo Williams,14,Pittsburgh Steelers,0,Tom Brady pass incomplete deep middle intended for Julian Edelman,1,"September 10th, 2015",11:05,Tom Brady,Dion Lewis,21,New England Patriots,1,Pittsburgh Steelers,4,2017,Gillette Stadium,10,1,PIT 27
Ben Roethlisberger,DeAngelo Williams,14,Pittsburgh Steelers,0,Dion Lewis middle for 5 yards (tackle by Will Allen),2,"September 10th, 2015",11:00,Tom Brady,Dion Lewis,21,New England Patriots,1,Pittsburgh Steelers,4,2017,Gillette Stadium,10,1,PIT 27
Ben Roethlisberger,DeAngelo Williams,14,Pittsburgh Steelers,0,"Tom Brady pass complete short middle to Dion Lewis for 19 yards (tackle by Michael Mitchell). Dion Lewis fumbles (forced by Michael Mitchell), recovered by Rob Gronkowski at PIT-1",3,"September 10th, 2015",10:21,Tom Brady,Dion Lewis,21,New England Patriots,1,Pittsburgh Steelers,4,2017,Gillette Stadium,5,1,PIT 22
Ben Roethlisberger,DeAngelo Williams,14,Pittsburgh Steelers,0,Brandon Bolden right guard for no gain (tackle by Lawrence Timmons),1,"September 10th, 2015",10:03,Tom Brady,Dion Lewis,21,New England Patriots,1,Pittsburgh Steelers,4,2017,Gillette Stadium,1,1,PIT 1
Ben Roethlisberger,DeAngelo Williams,14,Pittsburgh Steelers,0,Tom Brady pass incomplete short right intended for Rob Gronkowski,2,"September 10th, 2015",9:28,Tom Brady,Dion Lewis,21,New England Patriots,1,Pittsburgh Steelers,4,2017,Gillette Stadium,1,1,PIT 1
Ben Roethlisberger,DeAngelo Williams,14,Pittsburgh Steelers,0,"Tom Brady pass complete short left to Rob Gronkowski for 1 yard, touchdown",3,"September 10th, 2015",9:24,Tom Brady,Dion Lewis,27,New England Patriots,1,Pittsburgh Steelers,4,2017,Gillette Stadium,1,1,PIT 1
Ben Roethlisberger,DeAngelo Williams,14,Pittsburgh Steelers,0,"Stephen Gostkowski kicks extra point good. Penalty on Steve McLendon: Defensive Holding, 5 yards",,"September 10th, 2015",9:24,Tom Brady,Dion Lewis,28,New England Patriots,1,Pittsburgh Steelers,4,2017,Gillette Stadium,,1,PIT 1
Ben Roethlisberger,DeAngelo Williams,14,Pittsburgh Steelers,0,"Stephen Gostkowski kicks off 60 yards, touchback",,"September 10th, 2015",9:24,Tom Brady,Dion Lewis,28,New England Patriots,1,Pittsburgh Steelers,4,2017,Gillette Stadium,,1,NWE 40
Ben Roethlisberger,DeAngelo Williams,14,Pittsburgh Steelers,0,DeAngelo Williams left guard for 7 yards (tackle by Devin McCourty and Chandler Jones),1,"September 10th, 2015",9:20,Tom Brady,Dion Lewis,28,New England Patriots,1,Pittsburgh Steelers,4,2017,Gillette Stadium,10,1,PIT 20
Ben Roethlisberger,DeAngelo Williams,14,Pittsburgh Steelers,0,Ben Roethlisberger pass incomplete short middle intended for Antonio Brown,2,"September 10th, 2015",8:44,Tom Brady,Dion Lewis,28,New England Patriots,1,Pittsburgh Steelers,4,2017,Gillette Stadium,3,1,PIT 27
Ben Roethlisberger,DeAngelo Williams,14,Pittsburgh Steelers,0,Ben Roethlisberger pass incomplete short right intended for Markus Wheaton,3,"September 10th, 2015",8:40,Tom Brady,Dion Lewis,28,New England Patriots,1,Pittsburgh Steelers,4,2017,Gillette Stadium,3,1,PIT 27
Ben Roethlisberger,DeAngelo Williams,14,Pittsburgh Steelers,0,"Jordan Berry punts 37 yards, fair catch by Danny Amendola. Penalty on Arthur Moats: Illegal Formation (Declined), Penalty on Eric Martin: Offensive Holding, 10 yards",4,"September 10th, 2015",8:36,Tom Brady,Dion Lewis,28,New England Patriots,1,Pittsburgh Steelers,4,2017,Gillette Stadium,3,1,PIT 27
Ben Roethlisberger,DeAngelo Williams,14,Pittsburgh Steelers,0,Dion Lewis left guard for -2 yards (tackle by Ryan Shazier),1,"September 10th, 2015",8:29,Tom Brady,Dion Lewis,28,New England Patriots,1,New England Patriots,4,2017,Gillette Stadium,10,1,NWE 26
Ben Roethlisberger,DeAngelo Williams,14,Pittsburgh Steelers,0,Tom Brady pass incomplete deep right intended for Rob Gronkowski,2,"September 10th, 2015",7:58,Tom Brady,Dion Lewis,28,New England Patriots,1,New England Patriots,4,2017,Gillette Stadium,12,1,NWE 24
Ben Roethlisberger,DeAngelo Williams,14,Pittsburgh Steelers,0,Tom Brady pass incomplete short middle intended for Brandon Bolden (defended by Lawrence Timmons),3,"September 10th, 2015",7:52,Tom Brady,Dion Lewis,28,New England Patriots,1,New England Patriots,4,2017,Gillette Stadium,12,1,NWE 24
Ben Roethlisberger,DeAngelo Williams,14,Pittsburgh Steelers,0,"Ryan Allen punts 63 yards, returned by Antonio Brown for 11 yards. Penalty on Brandon Bolden: Illegal Formation, 5 yards (no play)",4,"September 10th, 2015",7:45,Tom Brady,Dion Lewis,28,New England Patriots,1,New England Patriots,4,2017,Gillette Stadium,12,1,NWE 24
Ben Roethlisberger,DeAngelo Williams,14,Pittsburgh Steelers,0,"Ryan Allen punts 45 yards, fair catch by Antonio Brown",4,"September 10th, 2015",7:36,Tom Brady,Dion Lewis,28,New England Patriots,1,New England Patriots,4,2017,Gillette Stadium,17,1,NWE 19
Ben Roethlisberger,DeAngelo Williams,14,Pittsburgh Steelers,0,Ben Roethlisberger pass complete deep right to Markus Wheaton for 18 yards,1,"September 10th, 2015",7:29,Tom Brady,Dion Lewis,28,New England Patriots,1,Pittsburgh Steelers,4,2017,Gillette Stadium,10,1,PIT 36
Ben Roethlisberger,DeAngelo Williams,14,Pittsburgh Steelers,0,Ben Roethlisberger pass incomplete deep left intended for Darrius Heyward-Bey is intercepted by Duron Harmon at NWE-7,1,"September 10th, 2015",7:09,Tom Brady,Dion Lewis,28,New England Patriots,1,Pittsburgh Steelers,4,2017,Gillette Stadium,10,1,NWE 46
Ben Roethlisberger,DeAngelo Williams,14,Pittsburgh Steelers,0,Dion Lewis right guard for 4 yards (tackle by Steve McLendon),1,"September 10th, 2015",7:00,Tom Brady,Dion Lewis,28,New England Patriots,1,New England Patriots,4,2017,Gillette Stadium,10,1,NWE 7
Ben Roethlisberger,DeAngelo Williams,14,Pittsburgh Steelers,0,"Tom Brady pass complete short middle to Rob Gronkowski for 5 yards (tackle by Ryan Shazier). Penalty on Cortez Allen: Defensive Holding, 5 yards (no play)",2,"September 10th, 2015",6:29,Tom Brady,Dion Lewis,28,New England Patriots,1,New England Patriots,4,2017,Gillette Stadium,6,1,NWE 11
Ben Roethlisberger,DeAngelo Williams,14,Pittsburgh Steelers,0,Dion Lewis left tackle for 1 yard (tackle by Cameron Heyward),1,"September 10th, 2015",6:03,Tom Brady,Dion Lewis,28,New England Patriots,1,New England Patriots,4,2017,Gillette Stadium,10,1,NWE 16
Ben Roethlisberger,DeAngelo Williams,14,Pittsburgh Steelers,0,Tom Brady pass complete short left to Julian Edelman for 10 yards (tackle by Will Allen),2,"September 10th, 2015",5:22,Tom Brady,Dion Lewis,28,New England Patriots,1,New England Patriots,4,2017,Gillette Stadium,9,1,NWE 17
Ben Roethlisberger,DeAngelo Williams,14,Pittsburgh Steelers,0,Brandon Bolden middle for 3 yards (tackle by Daniel McCullers),1,"September 10th, 2015",4:39,Tom Brady,Dion Lewis,28,New England Patriots,1,New England Patriots,4,2017,Gillette Stadium,10,1,NWE 27
Ben Roethlisberger,DeAngelo Williams,14,Pittsburgh Steelers,0,Dion Lewis middle for 3 yards (tackle by Cam Thomas),2,"September 10th, 2015",3:55,Tom Brady,Dion Lewis,28,New England Patriots,1,New England Patriots,4,2017,Gillette Stadium,7,1,NWE 30
Ben Roethlisberger,DeAngelo Williams,14,Pittsburgh Steelers,0,Tom Brady pass incomplete short right intended for Dion Lewis,3,"September 10th, 2015",3:13,Tom Brady,Dion Lewis,28,New England Patriots,1,New England Patriots,4,2017,Gillette Stadium,4,1,NWE 33
Ben Roethlisberger,DeAngelo Williams,14,Pittsburgh Steelers,0,"Ryan Allen punts 67 yards, touchback. Penalty on Eric Martin: Offensive Holding, 10 yards",4,"September 10th, 2015",3:09,Tom Brady,Dion Lewis,28,New England Patriots,1,New England Patriots,4,2017,Gillette Stadium,4,1,NWE 33
Ben Roethlisberger,DeAngelo Williams,14,Pittsburgh Steelers,0,Ben Roethlisberger pass incomplete short right intended for Heath Miller,1,"September 10th, 2015",2:59,Tom Brady,Dion Lewis,28,New England Patriots,1,Pittsburgh Steelers,4,2017,Gillette Stadium,10,1,PIT 30
Ben Roethlisberger,DeAngelo Williams,14,Pittsburgh Steelers,0,Ben Roethlisberger pass complete short left to Darrius Heyward-Bey for 9 yards (tackle by Tarell Brown),2,"September 10th, 2015",2:52,Tom Brady,Dion Lewis,28,New England Patriots,1,Pittsburgh Steelers,4,2017,Gillette Stadium,10,1,PIT 30
Ben Roethlisberger,DeAngelo Williams,14,Pittsburgh Steelers,0,Ben Roethlisberger pass complete short middle to Heath Miller for 7 yards (tackle by Patrick Chung and Jamie Collins),3,"September 10th, 2015",2:18,Tom Brady,Dion Lewis,28,New England Patriots,1,Pittsburgh Steelers,4,2017,Gillette Stadium,1,1,PIT 39
Ben Roethlisberger,DeAngelo Williams,14,Pittsburgh Steelers,0,Ben Roethlisberger pass incomplete deep middle intended for Markus Wheaton,1,"September 10th, 2015",2:00,Tom Brady,Dion Lewis,28,New England Patriots,1,Pittsburgh Steelers,4,2017,Gillette Stadium,10,1,PIT 46
Ben Roethlisberger,DeAngelo Williams,14,Pittsburgh Steelers,0,Ben Roethlisberger pass complete short left to Darrius Heyward-Bey for 2 yards (tackle by Bradley Fletcher),2,"September 10th, 2015",1:55,Tom Brady,Dion Lewis,28,New England Patriots,1,Pittsburgh Steelers,4,2017,Gillette Stadium,10,1,PIT 46
Ben Roethlisberger,DeAngelo Williams,14,Pittsburgh Steelers,0,Ben Roethlisberger pass complete short middle to Antonio Brown for 13 yards (tackle by Malcolm Butler),3,"September 10th, 2015",1:27,Tom Brady,Dion Lewis,28,New England Patriots,1,Pittsburgh Steelers,4,2017,Gillette Stadium,8,1,PIT 48
Ben Roethlisberger,DeAngelo Williams,14,Pittsburgh Steelers,0,Timeout #1 by Pittsburgh Steelers,3,"September 10th, 2015",1:17,Tom Brady,Dion Lewis,28,New England Patriots,1,Pittsburgh Steelers,4,2017,Gillette Stadium,8,1,PIT 48
Ben Roethlisberger,DeAngelo Williams,14,Pittsburgh Steelers,0,"Ben Roethlisberger pass complete deep right to Antonio Brown for 29 yards (tackle by Malcolm Butler). Penalty on Kelvin Beachum: Illegal Use of Hands, 10 yards (no play)",1,"September 10th, 2015",1:17,Tom Brady,Dion Lewis,28,New England Patriots,1,Pittsburgh Steelers,4,2017,Gillette Stadium,10,1,NWE 39
Ben Roethlisberger,DeAngelo Williams,14,Pittsburgh Steelers,0,Ben Roethlisberger sacked by Jabaal Sheard for -7 yards,1,"September 10th, 2015",1:10,Tom Brady,Dion Lewis,28,New England Patriots,1,Pittsburgh Steelers,4,2017,Gillette Stadium,20,1,NWE 49
Ben Roethlisberger,DeAngelo Williams,14,Pittsburgh Steelers,0,Ben Roethlisberger pass complete short middle to Heath Miller for 18 yards (tackle by Dont'a Hightower),2,"September 10th, 2015",0:36,Tom Brady,Dion Lewis,28,New England Patriots,1,Pittsburgh Steelers,4,2017,Gillette Stadium,27,1,PIT 44
Ben Roethlisberger,DeAngelo Williams,14,Pittsburgh Steelers,0,Timeout #2 by Pittsburgh Steelers,2,"September 10th, 2015",0:27,Tom Brady,Dion Lewis,28,New England Patriots,1,Pittsburgh Steelers,4,2017,Gillette Stadium,27,1,PIT 44
Ben Roethlisberger,DeAngelo Williams,14,Pittsburgh Steelers,0,Ben Roethlisberger pass incomplete short left intended for Markus Wheaton,3,"September 10th, 2015",0:27,Tom Brady,Dion Lewis,28,New England Patriots,1,Pittsburgh Steelers,4,2017,Gillette Stadium,9,1,NWE 38
Ben Roethlisberger,DeAngelo Williams,14,Pittsburgh Steelers,0,Ben Roethlisberger pass complete short left to Tyler Murphy for 16 yards (tackle by Bradley Fletcher),4,"September 10th, 2015",0:22,Tom Brady,Dion Lewis,28,New England Patriots,1,Pittsburgh Steelers,4,2017,Gillette Stadium,9,1,NWE 38
Ben Roethlisberger,DeAngelo Williams,14,Pittsburgh Steelers,0,Timeout #3 by Pittsburgh Steelers,4,"September 10th, 2015",0:11,Tom Brady,Dion Lewis,28,New England Patriots,1,Pittsburgh Steelers,4,2017,Gillette Stadium,9,1,NWE 38
Ben Roethlisberger,DeAngelo Williams,14,Pittsburgh Steelers,0,Ben Roethlisberger pass complete short left to Markus Wheaton for 11 yards,1,"September 10th, 2015",0:11,Tom Brady,Dion Lewis,28,New England Patriots,1,Pittsburgh Steelers,4,2017,Gillette Stadium,10,1,NWE 22
Ben Roethlisberger,DeAngelo Williams,20,Pittsburgh Steelers,0,"Ben Roethlisberger pass complete short left to Antonio Brown for 11 yards, touchdown",1,"September 10th, 2015",0:07,Tom Brady,Dion Lewis,28,New England Patriots,1,Pittsburgh Steelers,4,2017,Gillette Stadium,10,1,NWE 11
Ben Roethlisberger,DeAngelo Williams,21,Pittsburgh Steelers,0,Josh Scobee kicks extra point good,,"September 10th, 2015",0:07,Tom Brady,Dion Lewis,28,New England Patriots,1,Pittsburgh Steelers,4,2017,Gillette Stadium,,1,NWE 11
Ben Roethlisberger,DeAngelo Williams,21,Pittsburgh Steelers,0,"Josh Scobee kicks onside 12 yards, recovered by Rob Gronkowski",,"September 10th, 2015",0:07,Tom Brady,Dion Lewis,28,New England Patriots,1,Pittsburgh Steelers,4,2017,Gillette Stadium,,1,PIT 35
